iso,nombre
TWN,
AFG,Afganistán
ALB,Albania
DZA,Argelia
ASM,Samoa Americana
AND,Andorra
AGO,Angola
AIA,Anguila
ATA,Antártida
ATG,Antigua y Barbuda
ARG,Argentina
ARM,Armenia
ABW,Aruba
AUS,Australia
AUT,Austria
AZE,Azerbaiyán
BHS,Bahamas
BHR,Bahrein
BGD,Bangladesh
BRB,Barbados
BLR,Belarús
BEL,Bélgica
BLZ,Belice
BEN,Benin
BMU,Bermuda
BTN,Bhután
BOL,Bolivia (Estado Plurinacional de)
BES,"Bonaire, San Eustaquio y Saba"
BIH,Bosnia y Herzegovina
BWA,Botswana
BVT,Isla Bouvet
BRA,Brasil
IOT,Territorio Británico del Océano Índico
VGB,Islas Vírgenes Británicas
BRN,Brunei Darussalam
BGR,Bulgaria
BFA,Burkina Faso
BDI,Burundi
CPV,Cabo Verde
KHM,Camboya
CMR,Camerún
CAN,Canadá
CYM,Islas Caimán
CAF,República Centroafricana
TCD,Chad
CHL,Chile
CHN,China
HKG,"China, región administrativa especial de Hong Kong"
MAC,"China, región administrativa especial de Macao"
CXR,Isla de Navidad
CCK,Islas Cocos (Keeling)
COL,Colombia
COM,Comoras
COG,Congo
COK,Islas Cook
CRI,Costa Rica
HRV,Croacia
CUB,Cuba
CUW,Curaçao
CYP,Chipre
CZE,Chequia
CIV,Côte d'Ivoire
PRK,República Popular Democrática de Corea
COD,República Democrática del Congo
DNK,Dinamarca
DJI,Djibouti
DMA,Dominica
DOM,República Dominicana
ECU,Ecuador
EGY,Egipto
SLV,El Salvador
GNQ,Guinea Ecuatorial
ERI,Eritrea
EST,Estonia
SWZ,Eswatini
ETH,Etiopía
FLK,Islas Malvinas (Falkland)
FRO,Islas Feroe
FJI,Fiji
FIN,Finlandia
FRA,Francia
GUF,Guayana Francesa
PYF,Polinesia Francesa
ATF,Territorio de las Tierras Australes Francesas
GAB,Gabón
GMB,Gambia
GEO,Georgia
DEU,Alemania
GHA,Ghana
GIB,Gibraltar
GRC,Grecia
GRL,Groenlandia
GRD,Granada
GLP,Guadalupe
GUM,Guam
GTM,Guatemala
GGY,Guernsey
GIN,Guinea
GNB,Guinea-Bissau
GUY,Guyana
HTI,Haití
HMD,Islas Heard y McDonald
VAT,Santa Sede
HND,Honduras
HUN,Hungría
ISL,Islandia
IND,India
IDN,Indonesia
IRN,Irán (República Islámica del)
IRQ,Iraq
IRL,Irlanda
IMN,Isla de Man
ISR,Israel
ITA,Italia
JAM,Jamaica
JPN,Japón
JEY,Jersey
JOR,Jordania
KAZ,Kazajstán
KEN,Kenya
KIR,Kiribati
KWT,Kuwait
KGZ,Kirguistán
LAO,República Democrática Popular Lao
LVA,Letonia
LBN,Líbano
LSO,Lesotho
LBR,Liberia
LBY,Libia
LIE,Liechtenstein
LTU,Lituania
LUX,Luxemburgo
MDG,Madagascar
MWI,Malawi
MYS,Malasia
MDV,Maldivas
MLI,Malí
MLT,Malta
MHL,Islas Marshall
MTQ,Martinica
MRT,Mauritania
MUS,Mauricio
MYT,Mayotte
MEX,México
FSM,Micronesia (Estados Federados de)
MCO,Mónaco
MNG,Mongolia
MNE,Montenegro
MSR,Montserrat
MAR,Marruecos
MOZ,Mozambique
MMR,Myanmar
NAM,Namibia
NRU,Nauru
NPL,Nepal
NLD,Países Bajos
NCL,Nueva Caledonia
NZL,Nueva Zelandia
NIC,Nicaragua
NER,Níger
NGA,Nigeria
NIU,Niue
NFK,Islas Norfolk
MNP,Islas Marianas Septentrionales
NOR,Noruega
OMN,Omán
PAK,Pakistán
PLW,Palau
PAN,Panamá
PNG,Papua Nueva Guinea
PRY,Paraguay
PER,Perú
PHL,Filipinas
PCN,Pitcairn
POL,Polonia
PRT,Portugal
PRI,Puerto Rico
QAT,Qatar
KOR,República de Corea
MDA,República de Moldova
ROU,Rumania
RUS,Federación de Rusia
RWA,Rwanda
REU,Reunión
BLM,San Bartolomé
SHN,Santa Elena
KNA,Saint Kitts y Nevis
LCA,Santa Lucía
MAF,San Martín (parte francesa)
SPM,Saint Pierre y Miquelon
VCT,San Vicente y las Granadinas
WSM,Samoa
SMR,San Marino
STP,Santo Tomé y Príncipe
,Sark
SAU,Arabia Saudita
SEN,Senegal
SRB,Serbia
SYC,Seychelles
SLE,Sierra Leona
SGP,Singapur
SXM,San Martín (parte holandés)
SVK,Eslovaquia
SVN,Eslovenia
SLB,Islas Salomón
SOM,Somalia
ZAF,Sudáfrica
SGS,Georgia del Sur y las Islas Sandwich del Sur
SSD,Sudán del Sur
ESP,España
LKA,Sri Lanka
PSE,Estado de Palestina
SDN,Sudán
SUR,Suriname
SJM,Islas Svalbard y Jan Mayen
SWE,Suecia
CHE,Suiza
SYR,República Árabe Siria
TJK,Tayikistán
THA,Tailandia
MKD,ex República Yugoslava de Macedonia
TLS,Timor-Leste
TGO,Togo
TKL,Tokelau
TON,Tonga
TTO,Trinidad y Tabago
TUN,Túnez
TUR,Turquía
TKM,Turkmenistán
TCA,Islas Turcas y Caicos
TUV,Tuvalu
UGA,Uganda
UKR,Ucrania
ARE,Emiratos Árabes Unidos
GBR,Reino Unido de Gran Bretaña e Irlanda del Norte
TZA,República Unida de Tanzanía
UMI,Islas menores alejadas de Estados Unidos
VIR,Islas Vírgenes de los Estados Unidos
USA,Estados Unidos de América
URY,Uruguay
UZB,Uzbekistán
VUT,Vanuatu
VEN,Venezuela (República Bolivariana de)
VNM,Viet Nam
WLF,Islas Wallis y Futuna
ESH,Sáhara Occidental
YEM,Yemen
ZMB,Zambia
ZWE,Zimbabwe
ALA,Islas Åland
